Workbook

Sheet Demand
A1: node | B1: Latitude | C1: Longitude | D1: Jarak dari Pusat | E1: demand | F1: f0
A2: 0 | B2: -0.485781 | C2: 117.14793 | D2: =SQRT((C2-$C$2)^2+(B2-$B$2)^2)*111 -> 0 | E2: 0 | F2: 0
A3: 1 | B3: -0.500544 | C3: 117.13089 | D3: =SQRT((C3-$C$2)^2+(B3-$B$2)^2)*111 -> 2.5027217 | E3: 2 | F3: =SQRT((C3-117.15)^2+(B3-(-0.55))^2)*111 -> 5.8852942
A4: 2 | B4: -0.495453 | C4: 117.09706 | D4: =SQRT((C4-$C$2)^2+(B4-$B$2)^2)*111 -> 5.7476713 | E4: 2 | F4: =SQRT((C4-117.15)^2+(B4-(-0.55))^2)*111 -> 8.4375051
A5: 3 | B5: -0.506727 | C5: 117.1603 | D5: =SQRT((C5-$C$2)^2+(B5-$B$2)^2)*111 -> 2.7001239 | E5: 7 | F5: =SQRT((C5-117.15)^2+(B5-(-0.55))^2)*111 -> 4.9374459
A6: 4 | B6: -0.517252 | C6: 117.1603 | D6: =SQRT((C6-$C$2)^2+(B6-$B$2)^2)*111 -> 3.7534023 | E6: 7 | F6: =SQRT((C6-117.15)^2+(B6-(-0.55))^2)*111 -> 3.8105224
A7: 5 | B7: -0.480214 | C7: 117.14589 | D7: =SQRT((C7-$C$2)^2+(B7-$B$2)^2)*111 -> 0.65821116 | E7: 8 | F7: =SQRT((C7-117.15)^2+(B7-(-0.55))^2)*111 -> 7.75969
A8: 6 | B8: -0.408637 | C8: 117.21585 | D8: =SQRT((C8-$C$2)^2+(B8-$B$2)^2)*111 -> 11.409261 | E8: 4 | F8: =SQRT((C8-117.15)^2+(B8-(-0.55))^2)*111 -> 17.310395
A9: 7 | B9: -0.527054 | C9: 117.09118 | D9: =SQRT((C9-$C$2)^2+(B9-$B$2)^2)*111 -> 7.7893018 | E9: 3 | F9: =SQRT((C9-117.15)^2+(B9-(-0.55))^2)*111 -> 7.0086475
A10: 8 | B10: -0.520637 | C10: 117.11177 | D10: =SQRT((C10-$C$2)^2+(B10-$B$2)^2)*111 -> 5.5749919 | E10: 10 | F10: =SQRT((C10-117.15)^2+(B10-(-0.55))^2)*111 -> 5.3509272
A11: 9 | B11: -0.539274 | C11: 117.17941 | D11: =SQRT((C11-$C$2)^2+(B11-$B$2)^2)*111 -> 6.889811 | E11: 8 | F11: =SQRT((C11-117.15)^2+(B11-(-0.55))^2)*111 -> 3.4751435
A12: 10 | B12: -0.53057 | C12: 117.21822 | D12: =SQRT((C12-$C$2)^2+(B12-$B$2)^2)*111 -> 9.2512657 | E12: 4 | F12: =SQRT((C12-117.15)^2+(B12-(-0.55))^2)*111 -> 7.8731702
A13: 11 | B13: -0.480394 | C13: 117.16765 | D13: =SQRT((C13-$C$2)^2+(B13-$B$2)^2)*111 -> 2.269231 | E13: 6 | F13: =SQRT((C13-117.15)^2+(B13-(-0.55))^2)*111 -> 7.9707903
A14: 12 | B14: -0.493606 | C14: 117.15816 | D14: =SQRT((C14-$C$2)^2+(B14-$B$2)^2)*111 -> 1.429977 | E14: 10 | F14: =SQRT((C14-117.15)^2+(B14-(-0.55))^2)*111 -> 6.3249723
... A22: 20 | B22: -0.512484 | C22: 117.14932 | D22: =SQRT((C22-$C$2)^2+(B22-$B$2)^2)*111 -> 2.9680397 | E22: 10 | F22: =SQRT((C22-117.15)^2+(B22-(-0.55))^2)*111 -> 4.164964

Sheet Matriks Berpasangan
B1: 1 | C1: 2 | D1: 3 | E1: 4 | F1: 5 | G1: 6 | H1: 7 | I1: 8 | J1: 9 | K1: 10 | L1: 11 | M1: 12 | N1: 13 | O1: 14 | P1: 15 | Q1: 16 | R1: 17 | S1: 18 | T1: 19 | U1: 20
A2: 1 | B2: =SQRT((Demand!C3-Demand!$C$3)^2+(Demand!B3-Demand!$B$3)^2)*111 -> 0 | C2: =SQRT((Demand!C3-Demand!$C$4)^2+(Demand!B3-Demand!$B$4)^2)*111 -> 3.7971599 | D2: =SQRT((Demand!C3-Demand!$C$5)^2+(Demand!B3-Demand!$B$5)^2)*111 -> 3.3359603 | E2: =SQRT((Demand!C3-Demand!$C$6)^2+(Demand!B3-Demand!$B$6)^2)*111 -> 3.7546108 | F2: =SQRT((Demand!C3-Demand!$C$7)^2+(Demand!B3-Demand!$B$7)^2)*111 -> 2.8043506 | G2: =SQRT((Demand!C3-Demand!$C$8)^2+(Demand!B3-Demand!$B$8)^2)*111 -> 13.893297 | H2: =SQRT((Demand!C3-Demand!$C$9)^2+(Demand!B3-Demand!$B$9)^2)*111 -> 5.299907 | I2: =SQRT((Demand!C3-Demand!$C$10)^2+(Demand!B3-Demand!$B$10)^2)*111 -> 3.0786772 | J2: =SQRT((Demand!C3-Demand!$C$11)^2+(Demand!B3-Demand!$B$11)^2)*111 -> 6.8916134 | K2: =SQRT((Demand!C3-Demand!$C$12)^2+(Demand!B3-Demand!$B$12)^2)*111 -> 10.250485 | L2: =SQRT((Demand!C3-Demand!$C$13)^2+(Demand!B3-Demand!$B$13)^2)*111 -> 4.6534372 | M2: =SQRT((Demand!C3-Demand!$C$14)^2+(Demand!B3-Demand!$B$14)^2)*111 -> 3.1240134 | N2: =SQRT((Demand!C3-Demand!$C$15)^2+(Demand!B3-Demand!$B$15)^2)*111 -> 2.9022381 | O2: =SQRT((Demand!C3-Demand!$C$16)^2+(Demand!B3-Demand!$B$16)^2)*111 -> 1.5792843 | P2: =SQRT((Demand!C3-Demand!$C$17)^2+(Demand!B3-Demand!$B$17)^2)*111 -> 4.1180189 | Q2: =SQRT((Demand!C3-Demand!$C$18)^2+(Demand!B3-Demand!$B$18)^2)*111 -> 9.6620059 | R2: =SQRT((Demand!C3-Demand!$C$19)^2+(Demand!B3-Demand!$B$19)^2)*111 -> 9.6790418 | S2: =SQRT((Demand!C3-Demand!$C$20)^2+(Demand!B3-Demand!$B$20)^2)*111 -> 14.551885 | T2: =SQRT((Demand!C3-Demand!$C$21)^2+(Demand!B3-Demand!$B$21)^2)*111 -> 2.3692558 | U2: =SQRT((Demand!C3-Demand!$C$22)^2+(Demand!B3-Demand!$B$22)^2)*111 -> 2.4375921
A3: 2 | B3: =SQRT((Demand!C4-Demand!$C$3)^2+(Demand!B4-Demand!$B$3)^2)*111 -> 3.7971599 | C3: =SQRT((Demand!C4-Demand!$C$4)^2+(Demand!B4-Demand!$B$4)^2)*111 -> 0 | D3: =SQRT((Demand!C4-Demand!$C$5)^2+(Demand!B4-Demand!$B$5)^2)*111 -> 7.1301504 | E3: =SQRT((Demand!C4-Demand!$C$6)^2+(Demand!B4-Demand!$B$6)^2)*111 -> 7.4248167 | F3: =SQRT((Demand!C4-Demand!$C$7)^2+(Demand!B4-Demand!$B$7)^2)*111 -> 5.6776395 | G3: =SQRT((Demand!C4-Demand!$C$8)^2+(Demand!B4-Demand!$B$8)^2)*111 -> 16.332143 | H3: =SQRT((Demand!C4-Demand!$C$9)^2+(Demand!B4-Demand!$B$9)^2)*111 -> 3.5679895 | I3: =SQRT((Demand!C4-Demand!$C$10)^2+(Demand!B4-Demand!$B$10)^2)*111 -> 3.2372649 | J3: =SQRT((Demand!C4-Demand!$C$11)^2+(Demand!B4-Demand!$B$11)^2)*111 -> 10.354787 | K3: =SQRT((Demand!C4-Demand!$C$12)^2+(Demand!B4-Demand!$B$12)^2)*111 -> 14.001914 | L3: =SQRT((Demand!C4-Demand!$C$13)^2+(Demand!B4-Demand!$B$13)^2)*111 -> 8.0118568 | M3: =SQRT((Demand!C4-Demand!$C$14)^2+(Demand!B4-Demand!$B$14)^2)*111 -> 6.7855753 | N3: =SQRT((Demand!C4-Demand!$C$15)^2+(Demand!B4-Demand!$B$15)^2)*111 -> 6.6987396 | O3: =SQRT((Demand!C4-Demand!$C$16)^2+(Demand!B4-Demand!$B$16)^2)*111 -> 5.3122841 | P3: =SQRT((Demand!C4-Demand!$C$17)^2+(Demand!B4-Demand!$B$17)^2)*111 -> 6.2988371 | Q3: =SQRT((Demand!C4-Demand!$C$18)^2+(Demand!B4-Demand!$B$18)^2)*111 -> 9.8686873 | R3: =SQRT((Demand!C4-Demand!$C$19)^2+(Demand!B4-Demand!$B$19)^2)*111 -> 12.555527 | S3: =SQRT((Demand!C4-Demand!$C$20)^2+(Demand!B4-Demand!$B$20)^2)*111 -> 16.367699 | T3: =SQRT((Demand!C4-Demand!$C$21)^2+(Demand!B4-Demand!$B$21)^2)*111 -> 4.05166 | U3: =SQRT((Demand!C4-Demand!$C$22)^2+(Demand!B4-Demand!$B$22)^2)*111 -> 6.1009576
A4: 3 | B4: =SQRT((Demand!C5-Demand!$C$3)^2+(Demand!B5-Demand!$B$3)^2)*111 -> 3.3359603 | C4: =SQRT((Demand!C5-Demand!$C$4)^2+(Demand!B5-Demand!$B$4)^2)*111 -> 7.1301504 | D4: =SQRT((Demand!C5-Demand!$C$5)^2+(Demand!B5-Demand!$B$5)^2)*111 -> 0 | E4: =SQRT((Demand!C5-Demand!$C$6)^2+(Demand!B5-Demand!$B$6)^2)*111 -> 1.168275 | F4: =SQRT((Demand!C5-Demand!$C$7)^2+(Demand!B5-Demand!$B$7)^2)*111 -> 3.3496034 | G4: =SQRT((Demand!C5-Demand!$C$8)^2+(Demand!B5-Demand!$B$8)^2)*111 -> 12.513056 | H4: =SQRT((Demand!C5-Demand!$C$9)^2+(Demand!B5-Demand!$B$9)^2)*111 -> 7.9974338 | I4: =SQRT((Demand!C5-Demand!$C$10)^2+(Demand!B5-Demand!$B$10)^2)*111 -> 5.6037509 | J4: =SQRT((Demand!C5-Demand!$C$11)^2+(Demand!B5-Demand!$B$11)^2)*111 -> 4.1896917 | K4: =SQRT((Demand!C5-Demand!$C$12)^2+(Demand!B5-Demand!$B$12)^2)*111 -> 6.9523639 | L4: =SQRT((Demand!C5-Demand!$C$13)^2+(Demand!B5-Demand!$B$13)^2)*111 -> 3.0347465 | M4: =SQRT((Demand!C5-Demand!$C$14)^2+(Demand!B5-Demand!$B$14)^2)*111 -> 1.4755875 | N4: =SQRT((Demand!C5-Demand!$C$15)^2+(Demand!B5-Demand!$B$15)^2)*111 -> 0.44335511 | O4: =SQRT((Demand!C5-Demand!$C$16)^2+(Demand!B5-Demand!$B$16)^2)*111 -> 1.9768697 | P4: =SQRT((Demand!C5-Demand!$C$17)^2+(Demand!B5-Demand!$B$17)^2)*111 -> 4.3905396 | Q4: =SQRT((Demand!C5-Demand!$C$18)^2+(Demand!B5-Demand!$B$18)^2)*111 -> 10.483314 | R4: =SQRT((Demand!C5-Demand!$C$19)^2+(Demand!B5-Demand!$B$19)^2)*111 -> 7.6554265 | S4: =SQRT((Demand!C5-Demand!$C$20)^2+(Demand!B5-Demand!$B$20)^2)*111 -> 13.457076 | T4: =SQRT((Demand!C5-Demand!$C$21)^2+(Demand!B5-Demand!$B$21)^2)*111 -> 4.3609969 | U4: =SQRT((Demand!C5-Demand!$C$22)^2+(Demand!B5-Demand!$B$22)^2)*111 -> 1.3761567
A5: 4 | B5: =SQRT((Demand!C6-Demand!$C$3)^2+(Demand!B6-Demand!$B$3)^2)*111 -> 3.7546108 | C5: =SQRT((Demand!C6-Demand!$C$4)^2+(Demand!B6-Demand!$B$4)^2)*111 -> 7.4248167 | D5: =SQRT((Demand!C6-Demand!$C$5)^2+(Demand!B6-Demand!$B$5)^2)*111 -> 1.168275 | E5: =SQRT((Demand!C6-Demand!$C$6)^2+(Demand!B6-Demand!$B$6)^2)*111 -> 0 | F5: =SQRT((Demand!C6-Demand!$C$7)^2+(Demand!B6-Demand!$B$7)^2)*111 -> 4.4114672 | G5: =SQRT((Demand!C6-Demand!$C$8)^2+(Demand!B6-Demand!$B$8)^2)*111 -> 13.541853 | H5: =SQRT((Demand!C6-Demand!$C$9)^2+(Demand!B6-Demand!$B$9)^2)*111 -> 7.7493137 | I5: =SQRT((Demand!C6-Demand!$C$10)^2+(Demand!B6-Demand!$B$10)^2)*111 -> 5.3999291 | J5: =SQRT((Demand!C6-Demand!$C$11)^2+(Demand!B6-Demand!$B$11)^2)*111 -> 3.2368332 | K5: =SQRT((Demand!C6-Demand!$C$12)^2+(Demand!B6-Demand!$B$12)^2)*111 -> 6.5966946 | L5: =SQRT((Demand!C6-Demand!$C$13)^2+(Demand!B6-Demand!$B$13)^2)*111 -> 4.1718344 | M5: =SQRT((Demand!C6-Demand!$C$14)^2+(Demand!B6-Demand!$B$14)^2)*111 -> 2.635384 | N5: =SQRT((Demand!C6-Demand!$C$15)^2+(Demand!B6-Demand!$B$15)^2)*111 -> 1.4023359 | O5: =SQRT((Demand!C6-Demand!$C$16)^2+(Demand!B6-Demand!$B$16)^2)*111 -> 2.7522597 | P5: =SQRT((Demand!C6-Demand!$C$17)^2+(Demand!B6-Demand!$B$17)^2)*111 -> 3.5625318 | Q5: =SQRT((Demand!C6-Demand!$C$18)^2+(Demand!B6-Demand!$B$18)^2)*111 -> 9.5521693 | R5: =SQRT((Demand!C6-Demand!$C$19)^2+(Demand!B6-Demand!$B$19)^2)*111 -> 6.5409378 | S5: =SQRT((Demand!C6-Demand!$C$20)^2+(Demand!B6-Demand!$B$20)^2)*111 -> 12.288895 | T5: =SQRT((Demand!C6-Demand!$C$21)^2+(Demand!B6-Demand!$B$21)^2)*111 -> 4.097532 | U5: =SQRT((Demand!C6-Demand!$C$22)^2+(Demand!B6-Demand!$B$22)^2)*111 -> 1.328742
A6: 5 | B6: =SQRT((Demand!C7-Demand!$C$3)^2+(Demand!B7-Demand!$B$3)^2)*111 -> 2.8043506 | C6: =SQRT((Demand!C7-Demand!$C$4)^2+(Demand!B7-Demand!$B$4)^2)*111 -> 5.6776395 | D6: =SQRT((Demand!C7-Demand!$C$5)^2+(Demand!B7-Demand!$B$5)^2)*111 -> 3.3496034 | E6: =SQRT((Demand!C7-Demand!$C$6)^2+(Demand!B7-Demand!$B$6)^2)*111 -> 4.4114672 | F6: =SQRT((Demand!C7-Demand!$C$7)^2+(Demand!B7-Demand!$B$7)^2)*111 -> 0 | G6: =SQRT((Demand!C7-Demand!$C$8)^2+(Demand!B7-Demand!$B$8)^2)*111 -> 11.110368 | H6: =SQRT((Demand!C7-Demand!$C$9)^2+(Demand!B7-Demand!$B$9)^2)*111 -> 7.994502 | I6: =SQRT((Demand!C7-Demand!$C$10)^2+(Demand!B7-Demand!$B$10)^2)*111 -> 5.8715796 | J6: =SQRT((Demand!C7-Demand!$C$11)^2+(Demand!B7-Demand!$B$11)^2)*111 -> 7.5382728 | K6: =SQRT((Demand!C7-Demand!$C$12)^2+(Demand!B7-Demand!$B$12)^2)*111 -> 9.7826824 | L6: =SQRT((Demand!C7-Demand!$C$13)^2+(Demand!B7-Demand!$B$13)^2)*111 -> 2.41582 | M6: =SQRT((Demand!C7-Demand!$C$14)^2+(Demand!B7-Demand!$B$14)^2)*111 -> 2.0165777 | N6: =SQRT((Demand!C7-Demand!$C$15)^2+(Demand!B7-Demand!$B$15)^2)*111 -> 3.0150327 | O6: =SQRT((Demand!C7-Demand!$C$16)^2+(Demand!B7-Demand!$B$16)^2)*111 -> 1.9610348 | P6: =SQRT((Demand!C7-Demand!$C$17)^2+(Demand!B7-Demand!$B$17)^2)*111 -> 6.4533368 | Q6: =SQRT((Demand!C7-Demand!$C$18)^2+(Demand!B7-Demand!$B$18)^2)*111 -> 12.338135 | R6: =SQRT((Demand!C7-Demand!$C$19)^2+(Demand!B7-Demand!$B$19)^2)*111 -> 10.950221 | S6: =SQRT((Demand!C7-Demand!$C$20)^2+(Demand!B7-Demand!$B$20)^2)*111 -> 16.493511 | T6: =SQRT((Demand!C7-Demand!$C$21)^2+(Demand!B7-Demand!$B$21)^2)*111 -> 5.1219291 | U6: =SQRT((Demand!C7-Demand!$C$22)^2+(Demand!B7-Demand!$B$22)^2)*111 -> 3.6021624
A7: 6 | B7: =SQRT((Demand!C8-Demand!$C$3)^2+(Demand!B8-Demand!$B$3)^2)*111 -> 13.893297 | C7: =SQRT((Demand!C8-Demand!$C$4)^2+(Demand!B8-Demand!$B$4)^2)*111 -> 16.332143 | D7: =SQRT((Demand!C8-Demand!$C$5)^2+(Demand!B8-Demand!$B$5)^2)*111 -> 12.513056 | E7: =SQRT((Demand!C8-Demand!$C$6)^2+(Demand!B8-Demand!$B$6)^2)*111 -> 13.541853 | F7: =SQRT((Demand!C8-Demand!$C$7)^2+(Demand!B8-Demand!$B$7)^2)*111 -> 11.110368 | G7: =SQRT((Demand!C8-Demand!$C$8)^2+(Demand!B8-Demand!$B$8)^2)*111 -> 0 | H7: =SQRT((Demand!C8-Demand!$C$9)^2+(Demand!B8-Demand!$B$9)^2)*111 -> 19.086575 | I7: =SQRT((Demand!C8-Demand!$C$10)^2+(Demand!B8-Demand!$B$10)^2)*111 -> 16.971713 | J7: =SQRT((Demand!C8-Demand!$C$11)^2+(Demand!B8-Demand!$B$11)^2)*111 -> 15.054309 | K7: =SQRT((Demand!C8-Demand!$C$12)^2+(Demand!B8-Demand!$B$12)^2)*111 -> 13.537103 | L7: =SQRT((Demand!C8-Demand!$C$13)^2+(Demand!B8-Demand!$B$13)^2)*111 -> 9.5953597 | M7: =SQRT((Demand!C8-Demand!$C$14)^2+(Demand!B8-Demand!$B$14)^2)*111 -> 11.400074 | N7: =SQRT((Demand!C8-Demand!$C$15)^2+(Demand!B8-Demand!$B$15)^2)*111 -> 12.571006 | O7: =SQRT((Demand!C8-Demand!$C$16)^2+(Demand!B8-Demand!$B$16)^2)*111 -> 12.655745 | P7: =SQRT((Demand!C8-Demand!$C$17)^2+(Demand!B8-Demand!$B$17)^2)*111 -> 16.857328 | Q7: =SQRT((Demand!C8-Demand!$C$18)^2+(Demand!B8-Demand!$B$18)^2)*111 -> 22.968608 | R7: =SQRT((Demand!C8-Demand!$C$19)^2+(Demand!B8-Demand!$B$19)^2)*111 -> 18.686562 | S7: =SQRT((Demand!C8-Demand!$C$20)^2+(Demand!B8-Demand!$B$20)^2)*111 -> 25.073411 | T7: =SQRT((Demand!C8-Demand!$C$21)^2+(Demand!B8-Demand!$B$21)^2)*111 -> 16.106358 | U7: =SQRT((Demand!C8-Demand!$C$22)^2+(Demand!B8-Demand!$B$22)^2)*111 -> 13.690057
A8: 7 | B8: =SQRT((Demand!C9-Demand!$C$3)^2+(Demand!B9-Demand!$B$3)^2)*111 -> 5.299907 | C8: =SQRT((Demand!C9-Demand!$C$4)^2+(Demand!B9-Demand!$B$4)^2)*111 -> 3.5679895 | D8: =SQRT((Demand!C9-Demand!$C$5)^2+(Demand!B9-Demand!$B$5)^2)*111 -> 7.9974338 | E8: =SQRT((Demand!C9-Demand!$C$6)^2+(Demand!B9-Demand!$B$6)^2)*111 -> 7.7493137 | F8: =SQRT((Demand!C9-Demand!$C$7)^2+(Demand!B9-Demand!$B$7)^2)*111 -> 7.994502 | G8: =SQRT((Demand!C9-Demand!$C$8)^2+(Demand!B9-Demand!$B$8)^2)*111 -> 19.086575 | H8: =SQRT((Demand!C9-Demand!$C$9)^2+(Demand!B9-Demand!$B$9)^2)*111 -> 0 | I8: =SQRT((Demand!C9-Demand!$C$10)^2+(Demand!B9-Demand!$B$10)^2)*111 -> 2.3941245 | J8: =SQRT((Demand!C9-Demand!$C$11)^2+(Demand!B9-Demand!$B$11)^2)*111 -> 9.8877757 | K8: =SQRT((Demand!C9-Demand!$C$12)^2+(Demand!B9-Demand!$B$12)^2)*111 -> 14.106873 | L8: =SQRT((Demand!C9-Demand!$C$13)^2+(Demand!B9-Demand!$B$13)^2)*111 -> 9.9439172 | M8: =SQRT((Demand!C9-Demand!$C$14)^2+(Demand!B9-Demand!$B$14)^2)*111 -> 8.310948 | N8: =SQRT((Demand!C9-Demand!$C$15)^2+(Demand!B9-Demand!$B$15)^2)*111 -> 7.6600514 | O8: =SQRT((Demand!C9-Demand!$C$16)^2+(Demand!B9-Demand!$B$16)^2)*111 -> 6.7833276 | P8: =SQRT((Demand!C9-Demand!$C$17)^2+(Demand!B9-Demand!$B$17)^2)*111 -> 5.0300064 | Q8: =SQRT((Demand!C9-Demand!$C$18)^2+(Demand!B9-Demand!$B$18)^2)*111 -> 6.519967 | R8: =SQRT((Demand!C9-Demand!$C$19)^2+(Demand!B9-Demand!$B$19)^2)*111 -> 11.042209 | S8: =SQRT((Demand!C9-Demand!$C$20)^2+(Demand!B9-Demand!$B$20)^2)*111 -> 13.668743 | T8: =SQRT((Demand!C9-Demand!$C$21)^2+(Demand!B9-Demand!$B$21)^2)*111 -> 3.6628663 | U8: =SQRT((Demand!C9-Demand!$C$22)^2+(Demand!B9-Demand!$B$22)^2)*111 -> 6.6533154
A9: 8 | B9: =SQRT((Demand!C10-Demand!$C$3)^2+(Demand!B10-Demand!$B$3)^2)*111 -> 3.0786772 | C9: =SQRT((Demand!C10-Demand!$C$4)^2+(Demand!B10-Demand!$B$4)^2)*111 -> 3.2372649 | D9: =SQRT((Demand!C10-Demand!$C$5)^2+(Demand!B10-Demand!$B$5)^2)*111 -> 5.6037509 | E9: =SQRT((Demand!C10-Demand!$C$6)^2+(Demand!B10-Demand!$B$6)^2)*111 -> 5.3999291 | F9: =SQRT((Demand!C10-Demand!$C$7)^2+(Demand!B10-Demand!$B$7)^2)*111 -> 5.8715796 | G9: =SQRT((Demand!C10-Demand!$C$8)^2+(Demand!B10-Demand!$B$8)^2)*111 -> 16.971713 | H9: =SQRT((Demand!C10-Demand!$C$9)^2+(Demand!B10-Demand!$B$9)^2)*111 -> 2.3941245 | I9: =SQRT((Demand!C10-Demand!$C$10)^2+(Demand!B10-Demand!$B$10)^2)*111 -> 0 | J9: =SQRT((Demand!C10-Demand!$C$11)^2+(Demand!B10-Demand!$B$11)^2)*111 -> 7.788349 | K9: =SQRT((Demand!C10-Demand!$C$12)^2+(Demand!B10-Demand!$B$12)^2)*111 -> 11.867091 | L9: =SQRT((Demand!C10-Demand!$C$13)^2+(Demand!B10-Demand!$B$13)^2)*111 -> 7.6439505 | M9: =SQRT((Demand!C10-Demand!$C$14)^2+(Demand!B10-Demand!$B$14)^2)*111 -> 5.9601636 | N9: =SQRT((Demand!C10-Demand!$C$15)^2+(Demand!B10-Demand!$B$15)^2)*111 -> 5.2666711 | O9: =SQRT((Demand!C10-Demand!$C$16)^2+(Demand!B10-Demand!$B$16)^2)*111 -> 4.4595806 | P9: =SQRT((Demand!C10-Demand!$C$17)^2+(Demand!B10-Demand!$B$17)^2)*111 -> 3.2056627 | Q9: =SQRT((Demand!C10-Demand!$C$18)^2+(Demand!B10-Demand!$B$18)^2)*111 -> 7.0548134 | R9: =SQRT((Demand!C10-Demand!$C$19)^2+(Demand!B10-Demand!$B$19)^2)*111 -> 9.4948697 | S9: =SQRT((Demand!C10-Demand!$C$20)^2+(Demand!B10-Demand!$B$20)^2)*111 -> 13.141563 | T9: =SQRT((Demand!C10-Demand!$C$21)^2+(Demand!B10-Demand!$B$21)^2)*111 -> 1.3060292 | U9: =SQRT((Demand!C10-Demand!$C$22)^2+(Demand!B10-Demand!$B$22)^2)*111 -> 4.2651653
A10: 9 | B10: =SQRT((Demand!C11-Demand!$C$3)^2+(Demand!B11-Demand!$B$3)^2)*111 -> 6.8916134 | C10: =SQRT((Demand!C11-Demand!$C$4)^2+(Demand!B11-Demand!$B$4)^2)*111 -> 10.354787 | D10: =SQRT((Demand!C11-Demand!$C$5)^2+(Demand!B11-Demand!$B$5)^2)*111 -> 4.1896917 | E10: =SQRT((Demand!C11-Demand!$C$6)^2+(Demand!B11-Demand!$B$6)^2)*111 -> 3.2368332 | F10: =SQRT((Demand!C11-Demand!$C$7)^2+(Demand!B11-Demand!$B$7)^2)*111 -> 7.5382728 | G10: =SQRT((Demand!C11-Demand!$C$8)^2+(Demand!B11-Demand!$B$8)^2)*111 -> 15.054309 | H10: =SQRT((Demand!C11-Demand!$C$9)^2+(Demand!B11-Demand!$B$9)^2)*111 -> 9.8877757 | I10: =SQRT((Demand!C11-Demand!$C$10)^2+(Demand!B11-Demand!$B$10)^2)*111 -> 7.788349 | J10: =SQRT((Demand!C11-Demand!$C$11)^2+(Demand!B11-Demand!$B$11)^2)*111 -> 0 | K10: =SQRT((Demand!C11-Demand!$C$12)^2+(Demand!B11-Demand!$B$12)^2)*111 -> 4.4142056 | L10: =SQRT((Demand!C11-Demand!$C$13)^2+(Demand!B11-Demand!$B$13)^2)*111 -> 6.6648248 | M10: =SQRT((Demand!C11-Demand!$C$14)^2+(Demand!B11-Demand!$B$14)^2)*111 -> 5.5910563 | N10: =SQRT((Demand!C11-Demand!$C$15)^2+(Demand!B11-Demand!$B$15)^2)*111 -> 4.5535022 | O10: =SQRT((Demand!C11-Demand!$C$16)^2+(Demand!B11-Demand!$B$16)^2)*111 -> 5.9877406 | P10: =SQRT((Demand!C11-Demand!$C$17)^2+(Demand!B11-Demand!$B$17)^2)*111 -> 4.9011318 | Q10: =SQRT((Demand!C11-Demand!$C$18)^2+(Demand!B11-Demand!$B$18)^2)*111 -> 9.5484108 | R10: =SQRT((Demand!C11-Demand!$C$19)^2+(Demand!B11-Demand!$B$19)^2)*111 -> 3.742809 | S10: =SQRT((Demand!C11-Demand!$C$20)^2+(Demand!B11-Demand!$B$20)^2)*111 -> 10.036321 | T10: =SQRT((Demand!C11-Demand!$C$21)^2+(Demand!B11-Demand!$B$21)^2)*111 -> 6.5403904 | U10: =SQRT((Demand!C11-Demand!$C$22)^2+(Demand!B11-Demand!$B$22)^2)*111 -> 4.4723594
A11: 10 | B11: =SQRT((Demand!C12-Demand!$C$3)^2+(Demand!B12-Demand!$B$3)^2)*111 -> 10.250485 | C11: =SQRT((Demand!C12-Demand!$C$4)^2+(Demand!B12-Demand!$B$4)^2)*111 -> 14.001914 | D11: =SQRT((Demand!C12-Demand!$C$5)^2+(Demand!B12-Demand!$B$5)^2)*111 -> 6.9523639 | E11: =SQRT((Demand!C12-Demand!$C$6)^2+(Demand!B12-Demand!$B$6)^2)*111 -> 6.5966946 | F11: =SQRT((Demand!C12-Demand!$C$7)^2+(Demand!B12-Demand!$B$7)^2)*111 -> 9.7826824 | G11: =SQRT((Demand!C12-Demand!$C$8)^2+(Demand!B12-Demand!$B$8)^2)*111 -> 13.537103 | H11: =SQRT((Demand!C12-Demand!$C$9)^2+(Demand!B12-Demand!$B$9)^2)*111 -> 14.106873 | I11: =SQRT((Demand!C12-Demand!$C$10)^2+(Demand!B12-Demand!$B$10)^2)*111 -> 11.867091 | J11: =SQRT((Demand!C12-Demand!$C$11)^2+(Demand!B12-Demand!$B$11)^2)*111 -> 4.4142056 | K11: =SQRT((Demand!C12-Demand!$C$12)^2+(Demand!B12-Demand!$B$12)^2)*111 -> 0 | L11: =SQRT((Demand!C12-Demand!$C$13)^2+(Demand!B12-Demand!$B$13)^2)*111 -> 7.907199 | M11: =SQRT((Demand!C12-Demand!$C$14)^2+(Demand!B12-Demand!$B$14)^2)*111 -> 7.8274569 | N11: =SQRT((Demand!C12-Demand!$C$15)^2+(Demand!B12-Demand!$B$15)^2)*111 -> 7.3956925 | O11: =SQRT((Demand!C12-Demand!$C$16)^2+(Demand!B12-Demand!$B$16)^2)*111 -> 8.9159936 | P11: =SQRT((Demand!C12-Demand!$C$17)^2+(Demand!B12-Demand!$B$17)^2)*111 -> 9.2347875 | Q11: =SQRT((Demand!C12-Demand!$C$18)^2+(Demand!B12-Demand!$B$18)^2)*111 -> 13.803641 | R11: =SQRT((Demand!C12-Demand!$C$19)^2+(Demand!B12-Demand!$B$19)^2)*111 -> 6.3816938 | S11: =SQRT((Demand!C12-Demand!$C$20)^2+(Demand!B12-Demand!$B$20)^2)*111 -> 12.494184 | T11: =SQRT((Demand!C12-Demand!$C$21)^2+(Demand!B12-Demand!$B$21)^2)*111 -> 10.568061 | U11: =SQRT((Demand!C12-Demand!$C$22)^2+(Demand!B12-Demand!$B$22)^2)*111 -> 7.9068154
A12: 11 | B12: =SQRT((Demand!C13-Demand!$C$3)^2+(Demand!B13-Demand!$B$3)^2)*111 -> 4.6534372 | C12: =SQRT((Demand!C13-Demand!$C$4)^2+(Demand!B13-Demand!$B$4)^2)*111 -> 8.0118568 | D12: =SQRT((Demand!C13-Demand!$C$5)^2+(Demand!B13-Demand!$B$5)^2)*111 -> 3.0347465 | E12: =SQRT((Demand!C13-Demand!$C$6)^2+(Demand!B13-Demand!$B$6)^2)*111 -> 4.1718344 | F12: =SQRT((Demand!C13-Demand!$C$7)^2+(Demand!B13-Demand!$B$7)^2)*111 -> 2.41582 | G12: =SQRT((Demand!C13-Demand!$C$8)^2+(Demand!B13-Demand!$B$8)^2)*111 -> 9.5953597 | H12: =SQRT((Demand!C13-Demand!$C$9)^2+(Demand!B13-Demand!$B$9)^2)*111 -> 9.9439172 | I12: =SQRT((Demand!C13-Demand!$C$10)^2+(Demand!B13-Demand!$B$10)^2)*111 -> 7.6439505 | J12: =SQRT((Demand!C13-Demand!$C$11)^2+(Demand!B13-Demand!$B$11)^2)*111 -> 6.6648248 | K12: =SQRT((Demand!C13-Demand!$C$12)^2+(Demand!B13-Demand!$B$12)^2)*111 -> 7.907199 | L12: =SQRT((Demand!C13-Demand!$C$13)^2+(Demand!B13-Demand!$B$13)^2)*111 -> 0 | M12: =SQRT((Demand!C13-Demand!$C$14)^2+(Demand!B13-Demand!$B$14)^2)*111 -> 1.8054552 | N12: =SQRT((Demand!C13-Demand!$C$15)^2+(Demand!B13-Demand!$B$15)^2)*111 -> 3.0097613 | O12: =SQRT((Demand!C13-Demand!$C$16)^2+(Demand!B13-Demand!$B$16)^2)*111 -> 3.1867465 | P12: =SQRT((Demand!C13-Demand!$C$17)^2+(Demand!B13-Demand!$B$17)^2)*111 -> 7.273664 | Q12: =SQRT((Demand!C13-Demand!$C$18)^2+(Demand!B13-Demand!$B$18)^2)*111 -> 13.381275 | R12: =SQRT((Demand!C13-Demand!$C$19)^2+(Demand!B13-Demand!$B$19)^2)*111 -> 10.361086 | S12: =SQRT((Demand!C13-Demand!$C$20)^2+(Demand!B13-Demand!$B$20)^2)*111 -> 16.392055 | T12: =SQRT((Demand!C13-Demand!$C$21)^2+(Demand!B13-Demand!$B$21)^2)*111 -> 6.6241192 | U12: =SQRT((Demand!C13-Demand!$C$22)^2+(Demand!B13-Demand!$B$22)^2)*111 -> 4.1022482
A13: 12 | B13: =SQRT((Demand!C14-Demand!$C$3)^2+(Demand!B14-Demand!$B$3)^2)*111 -> 3.1240134 | C13: =SQRT((Demand!C14-Demand!$C$4)^2+(Demand!B14-Demand!$B$4)^2)*111 -> 6.7855753 | D13: =SQRT((Demand!C14-Demand!$C$5)^2+(Demand!B14-Demand!$B$5)^2)*111 -> 1.4755875 | E13: =SQRT((Demand!C14-Demand!$C$6)^2+(Demand!B14-Demand!$B$6)^2)*111 -> 2.635384 | F13: =SQRT((Demand!C14-Demand!$C$7)^2+(Demand!B14-Demand!$B$7)^2)*111 -> 2.0165777 | G13: =SQRT((Demand!C14-Demand!$C$8)^2+(Demand!B14-Demand!$B$8)^2)*111 -> 11.400074 | H13: =SQRT((Demand!C14-Demand!$C$9)^2+(Demand!B14-Demand!$B$9)^2)*111 -> 8.310948 | I13: =SQRT((Demand!C14-Demand!$C$10)^2+(Demand!B14-Demand!$B$10)^2)*111 -> 5.9601636 | J13: =SQRT((Demand!C14-Demand!$C$11)^2+(Demand!B14-Demand!$B$11)^2)*111 -> 5.5910563 | K13: =SQRT((Demand!C14-Demand!$C$12)^2+(Demand!B14-Demand!$B$12)^2)*111 -> 7.8274569 | L13: =SQRT((Demand!C14-Demand!$C$13)^2+(Demand!B14-Demand!$B$13)^2)*111 -> 1.8054552 | M13: =SQRT((Demand!C14-Demand!$C$14)^2+(Demand!B14-Demand!$B$14)^2)*111 -> 0 | N13: =SQRT((Demand!C14-Demand!$C$15)^2+(Demand!B14-Demand!$B$15)^2)*111 -> 1.2944007 | O13: =SQRT((Demand!C14-Demand!$C$16)^2+(Demand!B14-Demand!$B$16)^2)*111 -> 1.5502123 | P13: =SQRT((Demand!C14-Demand!$C$17)^2+(Demand!B14-Demand!$B$17)^2)*111 -> 5.4817779 | Q13: =SQRT((Demand!C14-Demand!$C$18)^2+(Demand!B14-Demand!$B$18)^2)*111 -> 11.583322 | R13: =SQRT((Demand!C14-Demand!$C$19)^2+(Demand!B14-Demand!$B$19)^2)*111 -> 9.1221837 | S13: =SQRT((Demand!C14-Demand!$C$20)^2+(Demand!B14-Demand!$B$20)^2)*111 -> 14.917886 | T13: =SQRT((Demand!C14-Demand!$C$21)^2+(Demand!B14-Demand!$B$21)^2)*111 -> 4.8724817 | U13: =SQRT((Demand!C14-Demand!$C$22)^2+(Demand!B14-Demand!$B$22)^2)*111 -> 2.3140583
... A21: 20 | B21: =SQRT((Demand!C22-Demand!$C$3)^2+(Demand!B22-Demand!$B$3)^2)*111 -> 2.4375921 | C21: =SQRT((Demand!C22-Demand!$C$4)^2+(Demand!B22-Demand!$B$4)^2)*111 -> 6.1009576 | D21: =SQRT((Demand!C22-Demand!$C$5)^2+(Demand!B22-Demand!$B$5)^2)*111 -> 1.3761567 | E21: =SQRT((Demand!C22-Demand!$C$6)^2+(Demand!B22-Demand!$B$6)^2)*111 -> 1.328742 | F21: =SQRT((Demand!C22-Demand!$C$7)^2+(Demand!B22-Demand!$B$7)^2)*111 -> 3.6021624 | G21: =SQRT((Demand!C22-Demand!$C$8)^2+(Demand!B22-Demand!$B$8)^2)*111 -> 13.690057 | H21: =SQRT((Demand!C22-Demand!$C$9)^2+(Demand!B22-Demand!$B$9)^2)*111 -> 6.6533154 | I21: =SQRT((Demand!C22-Demand!$C$10)^2+(Demand!B22-Demand!$B$10)^2)*111 -> 4.2651653 | J21: =SQRT((Demand!C22-Demand!$C$11)^2+(Demand!B22-Demand!$B$11)^2)*111 -> 4.4723594 | K21: =SQRT((Demand!C22-Demand!$C$12)^2+(Demand!B22-Demand!$B$12)^2)*111 -> 7.9068154 | L21: =SQRT((Demand!C22-Demand!$C$13)^2+(Demand!B22-Demand!$B$13)^2)*111 -> 4.1022482 | M21: =SQRT((Demand!C22-Demand!$C$14)^2+(Demand!B22-Demand!$B$14)^2)*111 -> 2.3140583 | N21: =SQRT((Demand!C22-Demand!$C$15)^2+(Demand!B22-Demand!$B$15)^2)*111 -> 1.1477431 | O21: =SQRT((Demand!C22-Demand!$C$16)^2+(Demand!B22-Demand!$B$16)^2)*111 -> 1.6980358 | P21: =SQRT((Demand!C22-Demand!$C$17)^2+(Demand!B22-Demand!$B$17)^2)*111 -> 3.17145 | Q21: =SQRT((Demand!C22-Demand!$C$18)^2+(Demand!B22-Demand!$B$18)^2)*111 -> 9.2800832 | R21: =SQRT((Demand!C22-Demand!$C$19)^2+(Demand!B22-Demand!$B$19)^2)*111 -> 7.5013682 | S21: =SQRT((Demand!C22-Demand!$C$20)^2+(Demand!B22-Demand!$B$20)^2)*111 -> 12.891351 | T21: =SQRT((Demand!C22-Demand!$C$21)^2+(Demand!B22-Demand!$B$21)^2)*111 -> 2.9998711 | U21: =SQRT((Demand!C22-Demand!$C$22)^2+(Demand!B22-Demand!$B$22)^2)*111 -> 0
